Agent,Prior,Target,Score,SMILES,SMILES_state,Scaffold,energy_score,energy_score (raw),T2-T1,T2-T1 (raw),Molecular weight,Molecular weight (raw),SA score,SA score (raw),custom alerts ngrams,custom alerts ngrams (raw),custom alerts,custom alerts (raw),dissimilarity,dissimilarity (raw),custom alerts scaffold,custom alerts scaffold (raw),step
28.7554,28.7554,-28.2362,0.0081133,O=[P-](=O)(Oc1ccccc1-c1ccccc1O)[n+]1ccccc1,1,O=[P-](=O)(Oc1ccccc1-c1ccccc1)[n+]1ccccc1,0.0000215,-20.0041,0.0119167,0.2034,0.9249935,327.2760,0.9084935,3.2570,1.0000000,1.0000,1.0000000,1.0000,1.0000000,1.0000,1.0000000,1.0000,1
29.5017,29.5017,-27.8552,0.0257267,COC(=O)C1=C(C(=O)OC)C2(OC(=O)CS2)C(C#N)=C(N)O1,1,O=C1CSC2(C=COC=C2)O1,0.0004399,-15.0867,0.0158510,0.5175,0.9184170,326.2860,0.7245563,4.5549,1.0000000,1.0000,1.0000000,1.0000,1.0000000,1.0000,1.0000000,1.0000,1
29.0902,29.0902,-28.5831,0.0079228,Cc1ccc(N2C(=O)C(Cc3ccccc3)(Nc3ccccc3)SC2c2ccccc2)cc1,1,O=C1N(c2ccccc2)C(c2ccccc2)SC1(Cc1ccccc1)Nc1ccccc1,0.0000199,-20.1282,0.0111301,0.1284,0.9999990,450.6070,0.9095644,3.2444,1.0000000,1.0000,1.0000000,1.0000,1.0000000,1.0000,1.0000000,1.0000,1
37.7825,37.7825,-37.7825,0.0000000,C=C(c1cccc(Cl)c1)c1c(C(=O)OCC)c[nH]c1Br,1,C=C(c1ccccc1)c1cc[nH]c1,0.0000000,0.0000,0.0000000,0.0000,0.0000000,0.0000,0.0000000,0.0000,1.0000000,1.0000,0.0000000,0.0000,0.0000000,0.0000,0.0000000,0.0000,1
43.3062,43.3062,-43.3062,0.0000000,CC(C)(C)OC(=O)n1c(C(CC#N)C(=O)NC(C(=O)OCc2ccccc2)c2ccccc2)cc2ccccc21,1,O=C(Cc1cc2ccccc2[nH]1)NC(C(=O)OCc1ccccc1)c1ccccc1,0.0000000,0.0000,0.0000000,0.0000,0.0000000,0.0000,0.0000000,0.0000,1.0000000,1.0000,0.0000000,0.0000,0.0000000,0.0000,0.0000000,0.0000,1
28.6002,28.6002,-28.6002,0.0000000,CCOC(=O)C(=Cc1[n-]c2ccccc2[s+]1)NC(=O)OC(C)(C)C,1,c1ccc2[s+]c[n-]c2c1,0.0000000,0.0000,0.0000000,0.0000,0.0000000,0.0000,0.0000000,0.0000,1.0000000,1.0000,0.0000000,0.0000,0.0000000,0.0000,0.0000000,0.0000,1
24.9115,24.9115,-11.8622,0.2038962,c1ccc(-c2ccccc2-n2c3c(c4ccccc42)-c2cccc4cccc-3c24)cc1,1,c1ccc(-c2ccccc2-n2c3c(c4ccccc42)-c2cccc4cccc-3c24)cc1,0.0670653,-6.7876,0.0142471,0.3999,0.9998179,393.4890,0.9664044,2.2175,1.0000000,1.0000,1.0000000,1.0000,1.0000000,1.0000,1.0000000,1.0000,1
26.7378,26.7378,-26.6156,0.0019107,CC1(C)OC2CC(C[P-](#[O+])(c3ccccc3)c3ccccc3)C(CO)OC2O1,1,c1ccc([PH-](CC2COC3OCOC3C2)c2ccccc2)cc1,0.0000007,-25.5725,0.0105377,0.0684,0.9999200,402.4270,0.6566013,4.8666,1.0000000,1.0000,1.0000000,1.0000,1.0000000,1.0000,1.0000000,1.0000,1
47.6912,47.6912,-47.6912,0.0000000,c12c(cccc1Cl)nccc2-c1ccc(C#Cc2ccc3c(c4c(nc(-c5ccc(OC)cc5)cc4)cc3)cc2)cc1,0,,0.0000000,0.0000,0.0000000,0.0000,0.0000000,0.0000,0.0000000,0.0000,0.0000000,0.0000,0.0000000,0.0000,0.0000000,0.0000,0.0000000,0.0000,1
26.1221,26.1221,-26.1221,0.0000000,C=CC1CC(c2ccc3ccccc3c2)NC(=O)N1,1,O=C1NCCC(c2ccc3ccccc3c2)N1,0.0000000,0.0000,0.0000000,0.0000,0.0000000,0.0000,0.0000000,0.0000,1.0000000,1.0000,0.0000000,0.0000,0.0000000,0.0000,0.0000000,0.0000,1
18.7503,18.7503,-17.8192,0.0145471,c1ccc(-c2c3c(nc4ccccc24)CCC3)cc1,1,c1ccc(-c2c3c(nc4ccccc24)CCC3)cc1,0.0007605,-14.1947,0.0194594,0.7442,0.0064593,245.3250,0.9772102,1.8274,1.0000000,1.0000,1.0000000,1.0000,1.0000000,1.0000,1.0000000,1.0000,1
35.5051,35.5051,-34.4902,0.0158580,Cc1[nH]c2ccccc2c1Cc1cc(CN(C)C)cc(Cn2c3ccccc3c3ccccc32)c1C,1,c1cc(Cc2c[nH]c3ccccc23)cc(Cn2c3ccccc3c3ccccc32)c1,0.0001136,-17.2922,0.0106043,0.0753,0.9999999,471.6480,0.9520469,2.5799,1.0000000,1.0000,1.0000000,1.0000,1.0000000,1.0000,1.0000000,1.0000,1
30.1734,30.1734,-28.2764,0.0296417,[O-]C1=[S+]C(Sc2ccccc2)C(Cc2ccc(Cl)cc2)=C1c1ccccc1,1,C1=[S+]C(Sc2ccccc2)C(Cc2ccccc2)=C1c1ccccc1,0.0005033,-14.8674,0.0169634,0.5924,0.9999563,408.9750,0.8977084,3.3776,1.0000000,1.0000,1.0000000,1.0000,1.0000000,1.0000,1.0000000,1.0000,1
25.7070,25.7070,-25.7070,0.0000000,CCOC(=O)C(C#N)=Cc1ccc(C=Cc2ccc(C=Cc3ccncc3)cc2)cc1,1,C(=Cc1ccc(C=Cc2ccncc2)cc1)c1ccccc1,0.0000000,0.0000,0.0000000,0.0000,0.0000000,0.0000,0.0000000,0.0000,1.0000000,1.0000,0.0000000,0.0000,0.0000000,0.0000,0.0000000,0.0000,1
32.9033,32.9033,-31.4314,0.0229984,O=C1CCC2C1C(C(=O)c1ccccc1)C(c1ccccc1)C1C(=O)N(c3ccccc3)C(=O)C21,1,O=C1CCC2C1C(C(=O)c1ccccc1)C(c1ccccc1)C1C(=O)N(c3ccccc3)C(=O)C21,0.0003046,-15.6856,0.0118992,0.2018,0.9999997,463.5330,0.8601673,3.7248,1.0000000,1.0000,1.0000000,1.0000,1.0000000,1.0000,1.0000000,1.0000,1
34.0901,34.0901,-34.0901,0.0000000,CC(CCC(F)(F)F)CN(Cc1ccccc1)C(=O)Cc1ccccc1,1,O=C(Cc1ccccc1)NCc1ccccc1,0.0000000,0.0000,0.0000000,0.0000,0.0000000,0.0000,0.0000000,0.0000,1.0000000,1.0000,0.0000000,0.0000,0.0000000,0.0000,0.0000000,0.0000,1
32.0133,32.0133,-31.1336,0.0137454,Cc1cc(NC(=O)c2ccccc2NC(=O)c2ccccc2Cl)n(-c2ccccc2)n1,1,O=C(Nc1ccccc1C(=O)Nc1ccnn1-c1ccccc1)c1ccccc1,0.0000749,-17.9712,0.0119355,0.2051,0.9999942,430.8950,0.9740642,1.9570,1.0000000,1.0000,1.0000000,1.0000,1.0000000,1.0000,1.0000000,1.0000,1
17.9360,17.9360,-17.9167,0.0003012,ClCc1ccc(Cl)nc1,1,c1ccncc1,0.0000016,-24.2176,0.0121996,0.2292,0.0000030,162.0190,0.9682396,2.1608,1.0000000,1.0000,1.0000000,1.0000,1.0000000,1.0000,1.0000000,1.0000,1
62.4068,62.4068,-62.4068,0.0000000,Cc1cn(Cc2ccc(COc3ccc(C(=O)n4c5ccc(C)cc5c(C(F)(F)F)c4C(=O)OCC)cc3)c2)c2nc(N)nc(C(F)(F)F)c12,0,,0.0000000,0.0000,0.0000000,0.0000,0.0000000,0.0000,0.0000000,0.0000,0.0000000,0.0000,0.0000000,0.0000,0.0000000,0.0000,0.0000000,0.0000,1
21.6033,21.6033,-21.0995,0.0078730,COC(=O)c1ccc(OC)c(C(=O)OC)c1C(=O)OC,1,c1ccccc1,0.0000383,-19.0628,0.0162144,0.5425,0.1631437,282.2480,0.9717512,2.0428,1.0000000,1.0000,1.0000000,1.0000,1.0000000,1.0000,1.0000000,1.0000,1
71.4302,71.4302,-71.4302,0.0000000,COC(=O)C(=O)C1CC2=CC(=O)CCC2(C)C23C4OC5OC(OC(C)(C)C)C1CC5(O4)C2CCC1(C)C(c2ccoc2)OC(=O)CC13,1,O=C1C=C2CCC3COC4OC5OC4(C3)C3CCC4C(c6ccoc6)OC(=O)CC4C53C2CC1,0.0000000,0.0000,0.0000000,0.0000,0.0000000,0.0000,0.0000000,0.0000,1.0000000,1.0000,0.0000000,0.0000,0.0000000,0.0000,0.0000000,0.0000,1
34.5632,34.5632,-34.5632,0.0000000,C#CCN(CCc1cc(Br)ccc1Br)S(=O)(=O)c1ccc(C(=O)O)cc1,1,O=S(=O)(NCCc1ccccc1)c1ccccc1,0.0000000,0.0000,0.0000000,0.0000,0.0000000,0.0000,0.0000000,0.0000,1.0000000,1.0000,0.0000000,0.0000,0.0000000,0.0000,0.0000000,0.0000,1
17.2809,17.2809,-14.5328,0.0429387,O=C(NC(=S)Nc1ccc(F)cc1)c1ccc(F)cc1,1,O=C(NC(=S)Nc1ccccc1)c1ccccc1,0.0022529,-12.4236,0.0116650,0.1800,0.3299800,292.3100,0.9817417,1.6063,1.0000000,1.0000,1.0000000,1.0000,1.0000000,1.0000,1.0000000,1.0000,1
34.0022,34.0022,-23.6194,0.1622318,N#Cc1cccc(Br)c1C=C1CCCC1=Cc1ccccc1[N+](=O)[O-],1,C(=C1CCCC1=Cc1ccccc1)c1ccccc1,0.0378234,-7.7706,0.0149896,0.4559,0.9998452,395.2560,0.9377428,2.8497,1.0000000,1.0000,1.0000000,1.0000,1.0000000,1.0000,1.0000000,1.0000,1
22.1411,22.1411,-22.1351,0.0000934,[O-]C1=[S+]C2OCCCC2N1,1,C1=[S+]C2OCCCC2N1,0.0000001,-28.2564,0.0176548,0.6365,0.0000023,159.2100,0.5152290,5.4405,1.0000000,1.0000,1.0000000,1.0000,1.0000000,1.0000,1.0000000,1.0000,1
15.3601,15.3601,-15.2814,0.0012291,c1ccc(Nc2ccccn2)cc1,1,c1ccc(Nc2ccccn2)cc1,0.0000404,-18.9777,0.0118661,0.1987,0.0000064,170.2150,0.9842504,1.4594,1.0000000,1.0000,1.0000000,1.0000,1.0000000,1.0000,1.0000000,1.0000,1
28.2723,28.2723,-28.2723,0.0000000,CCOC(=O)c1cccc2c(OC)c([N+](=O)[O-])ccc12,1,c1ccc2ccccc2c1,0.0000000,0.0000,0.0000000,0.0000,0.0000000,0.0000,0.0000000,0.0000,1.0000000,1.0000,0.0000000,0.0000,0.0000000,0.0000,0.0000000,0.0000,1
36.8039,36.8039,-36.8039,0.0000000,CC(=O)OC1CCC2(C)CC(=O)C13C1CCC2C(C)(C)C13O,1,O=C1CC2CCCC13C1CCC2CC13,0.0000000,0.0000,0.0000000,0.0000,0.0000000,0.0000,0.0000000,0.0000,1.0000000,1.0000,0.0000000,0.0000,0.0000000,0.0000,0.0000000,0.0000,1
19.9825,19.9825,-19.9825,0.0000000,C(#CC1(Cc2ccccc2)CC1)c1ccccc1,1,C(#CC1(Cc2ccccc2)CC1)c1ccccc1,0.0000000,0.0000,0.0000000,0.0000,0.0000000,0.0000,0.0000000,0.0000,1.0000000,1.0000,0.0000000,0.0000,0.0000000,0.0000,0.0000000,0.0000,1
36.4280,36.4280,-36.4180,0.0001570,CC1C2CC3CC(O)C4CC4(C)C(O)CC3C12C,1,C1CC2CC3CC3C2CCC2CC12,0.0000000,-60.8180,0.0133082,0.3248,0.0102519,250.3820,0.6170756,5.0337,1.0000000,1.0000,1.0000000,1.0000,1.0000000,1.0000,1.0000000,1.0000,1
26.2123,26.2123,-26.2123,0.0000000,Cc1ccc(S(=O)(=O)C(Cc2ccccc2)c2[n-]cc[s+]2)cc1,1,O=S(=O)(c1ccccc1)C(Cc1ccccc1)c1[n-]cc[s+]1,0.0000000,0.0000,0.0000000,0.0000,0.0000000,0.0000,0.0000000,0.0000,1.0000000,1.0000,0.0000000,0.0000,0.0000000,0.0000,0.0000000,0.0000,1
21.2893,21.2893,-21.2893,0.0000000,CC(C)C1C(=O)NC(=S)N1C(=O)OC(C)(C)C,1,O=C1CNC(=S)N1,0.0000000,0.0000,0.0000000,0.0000,0.0000000,0.0000,0.0000000,0.0000,1.0000000,1.0000,0.0000000,0.0000,0.0000000,0.0000,0.0000000,0.0000,1
14.6235,14.6235,-14.6111,0.0001935,CN(C)C(=O)c1ccccc1,1,c1ccccc1,0.0000008,-25.3505,0.0170428,0.5975,0.0000009,149.1930,0.9866003,1.2991,1.0000000,1.0000,1.0000000,1.0000,1.0000000,1.0000,1.0000000,1.0000,1
20.6447,20.6447,-2.7008,0.2803727,BrCc1ccccc1N=Nc1ccccc1Br,1,c1ccc(N=Nc2ccccc2)cc1,0.1321180,-5.5656,0.0226091,0.9105,0.9931574,354.0450,0.9557691,2.4971,1.0000000,1.0000,1.0000000,1.0000,1.0000000,1.0000,1.0000000,1.0000,1
39.8972,39.8972,-39.8972,0.0000000,CCOC1C(O)C(N2OSCC2=O)C2OCCC12,1,O=C1CSON1C1CCC2CCOC21,0.0000000,0.0000,0.0000000,0.0000,0.0000000,0.0000,0.0000000,0.0000,1.0000000,1.0000,0.0000000,0.0000,0.0000000,0.0000,0.0000000,0.0000,1
22.0932,22.0932,-22.0932,0.0000000,Cc1cc(O)c(CC(=O)O)cc1O,1,c1ccccc1,0.0000000,0.0000,0.0000000,0.0000,0.0000000,0.0000,0.0000000,0.0000,1.0000000,1.0000,0.0000000,0.0000,0.0000000,0.0000,0.0000000,0.0000,1
54.1243,54.1243,-54.1243,0.0000000,COc1ccc(C2Nc3ccccc3C(=NOC(C)(O)C(F)(F)F)C2CC(=O)c2ccc(OC)cc2OC)nc1,1,N=C1c2ccccc2NC(c2ccccn2)C1CC(=O)c1ccccc1,0.0000000,0.0000,0.0000000,0.0000,0.0000000,0.0000,0.0000000,0.0000,1.0000000,1.0000,0.0000000,0.0000,0.0000000,0.0000,0.0000000,0.0000,1
35.0517,35.0517,-35.0517,0.0000000,c1c(C([BH3-])(=C2N=CC=[S+]2)C)nccc1,0,,0.0000000,0.0000,0.0000000,0.0000,0.0000000,0.0000,0.0000000,0.0000,0.0000000,0.0000,0.0000000,0.0000,0.0000000,0.0000,0.0000000,0.0000,1
30.4405,30.4405,-30.2433,0.0030811,COc1ccc(C2C3CN(S(=O)(=O)c4ccc(C)cc4)CCC3OC2(C)C)cc1,1,O=S(=O)(c1ccccc1)N1CCC2OCC(c3ccccc3)C2C1,0.0000018,-24.0031,0.0109225,0.1077,0.9999762,415.5550,0.8950297,3.4058,1.0000000,1.0000,1.0000000,1.0000,1.0000000,1.0000,1.0000000,1.0000,1
38.6590,38.6590,-38.6590,0.0000000,CC(=NOC(=O)c1cccc2ccccc12)c1[n-]c(=O)[nH][s+]1,1,O=C(ON=Cc1[n-]c(=O)[nH][s+]1)c1cccc2ccccc12,0.0000000,0.0000,0.0000000,0.0000,0.0000000,0.0000,0.0000000,0.0000,1.0000000,1.0000,0.0000000,0.0000,0.0000000,0.0000,0.0000000,0.0000,1
28.9839,28.9839,-28.9839,0.0000000,CC(=O)OC1C(O)C2OC1N(OCc1ccccc1)C2=O,1,O=C1C2CCC(O2)N1OCc1ccccc1,0.0000000,0.0000,0.0000000,0.0000,0.0000000,0.0000,0.0000000,0.0000,1.0000000,1.0000,0.0000000,0.0000,0.0000000,0.0000,0.0000000,0.0000,1
34.4394,34.4394,-34.4394,0.0000000,Cc1ccc(S(=O)(=O)N(C(=O)C(F)(F)F)N2C3CCCC2C(=O)C3)cc1,1,O=C1CC2CCCC1N2NS(=O)(=O)c1ccccc1,0.0000000,0.0000,0.0000000,0.0000,0.0000000,0.0000,0.0000000,0.0000,1.0000000,1.0000,0.0000000,0.0000,0.0000000,0.0000,0.0000000,0.0000,1
32.4207,32.4207,-32.4207,0.0000000,CCCC1(C(=O)OC)C(O)COC1N1CCOCC1,1,C1COC(N2CCOCC2)C1,0.0000000,0.0000,0.0000000,0.0000,0.0000000,0.0000,0.0000000,0.0000,1.0000000,1.0000,0.0000000,0.0000,0.0000000,0.0000,0.0000000,0.0000,1
22.3388,22.3388,-22.2335,0.0016456,Nc1nc(Cl)nc(Nc2cccc(F)c2)n1,1,c1ccc(Nc2ncncn2)cc1,0.0000041,-22.7056,0.0159886,0.5270,0.0038368,239.6410,0.9696161,2.1161,1.0000000,1.0000,1.0000000,1.0000,1.0000000,1.0000,1.0000000,1.0000,1
40.0078,40.0078,-40.0078,0.0000000,COc1cc(F)cc(C(C#N)NC2(C(=O)NCc3ccccc3)C(=O)N(C)c3cc(Cl)ccc32)c1,1,O=C(NCc1ccccc1)C1(NCc2ccccc2)C(=O)Nc2ccccc21,0.0000000,0.0000,0.0000000,0.0000,0.0000000,0.0000,0.0000000,0.0000,1.0000000,1.0000,0.0000000,0.0000,0.0000000,0.0000,0.0000000,0.0000,1
36.9499,36.9499,-36.9499,0.0000000,CC(C)(C)C1=NC(CCC(=O)c2ccccc2)(c2ccc(F)c(C#N)c2)C(=O)O1,1,O=C(CCC1(c2ccccc2)N=COC1=O)c1ccccc1,0.0000000,0.0000,0.0000000,0.0000,0.0000000,0.0000,0.0000000,0.0000,1.0000000,1.0000,0.0000000,0.0000,0.0000000,0.0000,0.0000000,0.0000,1
37.6454,37.6454,-37.6454,0.0000000,CCC(=O)C(CCSC)C1CCC(O)(Cc2ccccc2)OC1=O,1,O=C1CCCC(Cc2ccccc2)O1,0.0000000,0.0000,0.0000000,0.0000,0.0000000,0.0000,0.0000000,0.0000,1.0000000,1.0000,0.0000000,0.0000,0.0000000,0.0000,0.0000000,0.0000,1
42.0287,42.0287,-38.7219,0.0516678,COC(=O)C1(O)C(=O)C=CC(=O)OC(c2ccc(Br)cc2)CC(=O)CC2CCCC21,1,O=C1C=CC(=O)OC(c2ccccc2)CC(=O)CC2CCCC2C1,0.0026205,-12.1768,0.0134508,0.3366,0.9999999,479.3230,0.7214833,4.5699,1.0000000,1.0000,1.0000000,1.0000,1.0000000,1.0000,1.0000000,1.0000,1
37.1761,37.1761,-37.1761,0.0000000,COc1ccc(N(c2ccc(OC)cc2)c2ccc(-c3ccc(C(=O)Nc4ccc(C(C)=NO)cc4)cn3)cc2)cc1,1,O=C(Nc1ccccc1)c1ccc(-c2ccc(N(c3ccccc3)c3ccccc3)cc2)nc1,0.0000000,0.0000,0.0000000,0.0000,0.0000000,0.0000,0.0000000,0.0000,1.0000000,1.0000,0.0000000,0.0000,0.0000000,0.0000,0.0000000,0.0000,1
25.0742,25.0742,-25.0742,0.0000000,COC(=O)C(Cc1cn(C)c2ccccc12)C(=O)OC,1,c1ccc2[nH]ccc2c1,0.0000000,0.0000,0.0000000,0.0000,0.0000000,0.0000,0.0000000,0.0000,1.0000000,1.0000,0.0000000,0.0000,0.0000000,0.0000,0.0000000,0.0000,1
42.5555,42.5555,-42.2024,0.0055181,O=C1NC2CC(=O)N3c4c(Br)ccc(Br)c4CC1OC3C2,1,O=C1NC2CC(=O)N3c4ccccc4CC1OC3C2,0.0000106,-21.1553,0.0177718,0.6438,0.9999772,416.0690,0.5190305,5.4256,1.0000000,1.0000,1.0000000,1.0000,1.0000000,1.0000,1.0000000,1.0000,1
16.6213,16.6213,-16.6213,0.0000000,COc1ccccc1C=CC(=O)c1ccccc1,1,O=C(C=Cc1ccccc1)c1ccccc1,0.0000000,0.0000,0.0000000,0.0000,0.0000000,0.0000,0.0000000,0.0000,1.0000000,1.0000,0.0000000,0.0000,0.0000000,0.0000,0.0000000,0.0000,1
63.2350,63.2350,-63.2350,0.0000000,OC(C(F)(F)F)C12CC1C1CCC2OC12N=C(c1cccc(F)n1)C1CCCC12,1,c1ccc(C2=NC3(OC4CCC3C3CC43)C3CCCC23)nc1,0.0000000,0.0000,0.0000000,0.0000,0.0000000,0.0000,0.0000000,0.0000,1.0000000,1.0000,0.0000000,0.0000,0.0000000,0.0000,0.0000000,0.0000,1
23.3467,23.3467,-23.3246,0.0003454,CC1(O)CCCC2C1CCC1C(C)(C(=O)O)CCCC21C,1,C1CCC2C(C1)CCC1CCCCC12,0.0000000,-35.4589,0.0205521,0.8047,0.3745946,294.4350,0.8077418,4.0974,1.0000000,1.0000,1.0000000,1.0000,1.0000000,1.0000,1.0000000,1.0000,1
30.2030,30.2030,-24.3940,0.0907659,Cc1ccn2c1C(=O)N(c1c(F)c(F)c(F)c(F)c1F)C21C(=O)c2ccccc2C1=O,1,O=C1c2cccn2C2(C(=O)c3ccccc3C2=O)N1c1ccccc1,0.0096640,-10.0398,0.0129217,0.2924,0.9999949,432.3040,0.8628071,3.7032,1.0000000,1.0000,1.0000000,1.0000,1.0000000,1.0000,1.0000000,1.0000,1
34.4245,34.4245,-34.1686,0.0039978,Cc1cc(C)c(C)c(C2c3ccccc3C(c3ccccc3)N2c2c(C)c(C)cc(C)c2C)c1,1,c1ccc(C2c3ccccc3C(c3ccccc3)N2c2ccccc2)cc1,0.0000036,-22.9168,0.0105863,0.0734,0.9999985,445.6500,0.8993090,3.3604,1.0000000,1.0000,1.0000000,1.0000,1.0000000,1.0000,1.0000000,1.0000,1
15.4700,15.4700,-13.8096,0.0259444,COc1ccc(C=NNC(=O)c2ccncc2)cc1,1,O=C(NN=Cc1ccccc1)c1ccncc1,0.0019285,-12.6773,0.0286686,1.1751,0.0159984,255.2770,0.9775950,1.8104,1.0000000,1.0000,1.0000000,1.0000,1.0000000,1.0000,1.0000000,1.0000,1
27.5264,27.5264,-27.1459,0.0059450,COc1cc(OC)c(C2CC(S(=O)(=O)c3ccccc3)CO2)cc1OC,1,O=S(=O)(c1ccccc1)C1COC(c2ccccc2)C1,0.0000094,-21.3558,0.0118351,0.1959,0.9992725,378.4460,0.9168784,3.1542,1.0000000,1.0000,1.0000000,1.0000,1.0000000,1.0000,1.0000000,1.0000,1
18.6607,18.6607,-18.5991,0.0009615,O=C(O)c1ccc(S)cc1,1,c1ccccc1,0.0000360,-19.1630,0.0212726,0.8429,0.0000015,154.1900,0.9739842,1.9600,1.0000000,1.0000,1.0000000,1.0000,1.0000000,1.0000,1.0000000,1.0000,1
38.9135,38.9135,-38.9135,0.0000000,CC1(C)c2ccc(c(P(c3ccccc3)C(C)(C)C)c2)Cc2cccc(c2O)Cc2cccc(c2O)Cc2cccc(c2O)Cc2ccc1c(P(c1ccccc1)c1ccccc1)c2,1,c1ccc(Pc2cc3ccc2Cc2cccc(c2)Cc2cccc(c2)Cc2cccc(c2)Cc2ccc(c(P(c4ccccc4)c4ccccc4)c2)C3)cc1,0.0000000,0.0000,0.0000000,0.0000,0.0000000,0.0000,0.0000000,0.0000,1.0000000,1.0000,0.0000000,0.0000,0.0000000,0.0000,0.0000000,0.0000,1
47.9238,47.9238,-47.9238,0.0000000,CC1OC(=O)C2C(C)C3CC(C)(CCC3C(C)C(C)(O)C3OC(=O)CC3(C)O)C12,1,O=C1CCC(CCC2CCC3CC2CC2C(=O)OCC32)O1,0.0000000,0.0000,0.0000000,0.0000,0.0000000,0.0000,0.0000000,0.0000,1.0000000,1.0000,0.0000000,0.0000,0.0000000,0.0000,0.0000000,0.0000,1
50.9653,50.9653,-50.9653,0.0000000,CCOC(=O)C1=C(C)C(C(=O)OCC)C(c2ccccc2)C2=C(C)C(C)=C(C(C)(C(C)=O)C(=O)OCC)C12C,1,C1=CC2C=CCC(c3ccccc3)C2=C1,0.0000000,0.0000,0.0000000,0.0000,0.0000000,0.0000,0.0000000,0.0000,1.0000000,1.0000,0.0000000,0.0000,0.0000000,0.0000,0.0000000,0.0000,1
50.4915,50.4915,-50.4915,0.0000000,COC(=O)c1ccc(-c2ccc(C(C)C)c(C(C)C)c2)c(C(C)C)c1-c1cc(C(C)C)cc(C(C)C)c1Sc1cc(C)cc(C)c1,1,c1ccc(Sc2ccccc2-c2cccc(-c3ccccc3)c2)cc1,0.0000000,0.0000,0.0000000,0.0000,0.0000000,0.0000,0.0000000,0.0000,1.0000000,1.0000,0.0000000,0.0000,0.0000000,0.0000,0.0000000,0.0000,1
33.2193,33.2193,-33.2193,0.0000000,CC(C)C(C)(C)C(=O)NC(=O)C(C)(C)OCC(C)(C)C,1,,0.0000000,0.0000,0.0000000,0.0000,0.0000000,0.0000,0.0000000,0.0000,1.0000000,1.0000,0.0000000,0.0000,0.0000000,0.0000,0.0000000,0.0000,1
36.2929,36.2929,-36.1235,0.0026468,N#CC1(N2CCOCC2)C2CC3CC4C3C(c3ccc(Br)cc3)(C2)C41,1,c1ccc(C23CC4CC5CC(C52)C3C4N2CCOCC2)cc1,0.0000017,-24.1713,0.0173720,0.6187,0.9998937,399.3320,0.5149430,5.4416,1.0000000,1.0000,1.0000000,1.0000,1.0000000,1.0000,1.0000000,1.0000,1
29.2087,29.2087,-28.9361,0.0042604,Cc1cccc2c1C(=O)N(Cc1ccccc1C(F)(F)F)CC2,1,O=C1c2ccccc2CCN1Cc1ccccc1,0.0000042,-22.6514,0.0110952,0.1250,0.8556955,319.3260,0.9673212,2.1896,1.0000000,1.0000,1.0000000,1.0000,1.0000000,1.0000,1.0000000,1.0000,1
31.5948,31.5948,-31.5948,0.0000000,CC1(C)C(=O)CCC2(C)C3CCC(C#N)(O[Si](C)(C)C(C)(C)C)C3CCC12,1,O=C1CCC2C(CCC3CCCC32)C1,0.0000000,0.0000,0.0000000,0.0000,0.0000000,0.0000,0.0000000,0.0000,1.0000000,1.0000,0.0000000,0.0000,0.0000000,0.0000,0.0000000,0.0000,1
35.0219,35.0219,-35.0219,0.0000000,CC1C2Cc3ccccc3C(=O)C2OOC2(C(C)C)OC12,1,O=C1c2ccccc2CC2CC3OC3OOC12,0.0000000,0.0000,0.0000000,0.0000,0.0000000,0.0000,0.0000000,0.0000,1.0000000,1.0000,0.0000000,0.0000,0.0000000,0.0000,0.0000000,0.0000,1
34.4683,34.4683,-33.3941,0.0167845,c1ccc(-c2ccc(C3N(c4ccccc4)Oc4ccccc4OC34c3ccccc3-c3ccccc34)cc2)cc1,1,c1ccc(-c2ccc(C3N(c4ccccc4)Oc4ccccc4OC34c3ccccc3-c3ccccc34)cc2)cc1,0.0001276,-17.1035,0.0142871,0.4030,1.0000000,529.6390,0.8766589,3.5836,1.0000000,1.0000,1.0000000,1.0000,1.0000000,1.0000,1.0000000,1.0000,1
16.6788,16.6788,-16.6788,0.0000000,CCN(CC)C1=NS(=O)(=O)SC(N(CC)CC)=N1,1,O=S1(=O)N=CN=CS1,0.0000000,0.0000,0.0000000,0.0000,0.0000000,0.0000,0.0000000,0.0000,1.0000000,1.0000,0.0000000,0.0000,0.0000000,0.0000,0.0000000,0.0000,1
27.9592,27.9592,-27.9592,0.0000000,c1([S+]([O-])C)cc(C(F)(F)F)[n-]c(NC)[s+]1,0,,0.0000000,0.0000,0.0000000,0.0000,0.0000000,0.0000,0.0000000,0.0000,0.0000000,0.0000,0.0000000,0.0000,0.0000000,0.0000,0.0000000,0.0000,1
27.2268,27.2268,-27.0442,0.0028530,N#CC1(c2ncccn2)CCCCC1=O,1,O=C1CCCCC1c1ncccn1,0.0000952,-17.5792,0.0137328,0.3594,0.0001120,201.2290,0.8819809,3.5346,1.0000000,1.0000,1.0000000,1.0000,1.0000000,1.0000,1.0000000,1.0000,1
29.3048,29.3048,-29.3048,0.0000000,Cc1ccc(C2=NOC(C(=O)CS(=O)(=O)c3ccccc3)C2)cc1,1,O=C(CS(=O)(=O)c1ccccc1)C1CC(c2ccccc2)=NO1,0.0000000,0.0000,0.0000000,0.0000,0.0000000,0.0000,0.0000000,0.0000,1.0000000,1.0000,0.0000000,0.0000,0.0000000,0.0000,0.0000000,0.0000,1
28.8962,28.8962,-27.9094,0.0154199,N#Cc1ccc(C2C(c3ccccc3Cl)C2N(c2ccccc2)c2ccccc2)cc1,1,c1ccc(C2C(c3ccccc3)C2N(c2ccccc2)c2ccccc2)cc1,0.0001083,-17.3702,0.0112134,0.1366,0.9999855,420.9430,0.9033050,3.3165,1.0000000,1.0000,1.0000000,1.0000,1.0000000,1.0000,1.0000000,1.0000,1
24.9186,24.9186,-24.9186,0.0000000,CCOC(=O)C(=NOC(=O)c1cccnc1)c1ccccc1,1,O=C(ON=Cc1ccccc1)c1cccnc1,0.0000000,0.0000,0.0000000,0.0000,0.0000000,0.0000,0.0000000,0.0000,1.0000000,1.0000,0.0000000,0.0000,0.0000000,0.0000,0.0000000,0.0000,1
44.8726,44.8726,-44.8726,0.0000000,CC(=O)OC1(C)C(=O)CCC1(OC(C)=O)C1C=CCC2CCCCC21C,1,O=C1CCC(C2C=CCC3CCCCC32)C1,0.0000000,0.0000,0.0000000,0.0000,0.0000000,0.0000,0.0000000,0.0000,1.0000000,1.0000,0.0000000,0.0000,0.0000000,0.0000,0.0000000,0.0000,1
61.5916,61.5916,-61.5916,0.0000000,CC(C)(C)OC(=O)N1C2C(=O)N(c3ccccn3)C(=O)C23C(C(=O)N(c2ccccc2)C32c3ccccc3Oc3ccc(Br)cc32)C1(C)c1ccccc1,1,O=C1C2NC(c3ccccc3)C3C(=O)N(c4ccccc4)C4(c5ccccc5Oc5ccccc54)C23C(=O)N1c1ccccn1,0.0000000,0.0000,0.0000000,0.0000,0.0000000,0.0000,0.0000000,0.0000,1.0000000,1.0000,0.0000000,0.0000,0.0000000,0.0000,0.0000000,0.0000,1
19.8173,19.8173,-19.8173,0.0000000,CC(=O)Nc1c([N+](=O)[O-])cccc1[N+](=O)[O-],1,c1ccccc1,0.0000000,0.0000,0.0000000,0.0000,0.0000000,0.0000,0.0000000,0.0000,1.0000000,1.0000,0.0000000,0.0000,0.0000000,0.0000,0.0000000,0.0000,1
18.0709,18.0709,-18.0044,0.0010384,Cc1cncc(Cl)n1,1,c1cnccn1,0.0001484,-16.8564,0.0145789,0.4253,0.0000001,128.5620,0.9550298,2.5140,1.0000000,1.0000,1.0000000,1.0000,1.0000000,1.0000,1.0000000,1.0000,1
29.1233,29.1233,-29.1233,0.0000000,Cc1cccc2c(-c3ccccc3-c3ccccc3-c3c(C(C)C)cccc3C(C)C)cccc12,1,c1ccc(-c2ccccc2-c2ccccc2-c2cccc3ccccc23)cc1,0.0000000,0.0000,0.0000000,0.0000,0.0000000,0.0000,0.0000000,0.0000,1.0000000,1.0000,0.0000000,0.0000,0.0000000,0.0000,0.0000000,0.0000,1
36.4775,36.4775,-36.4775,0.0000000,COC(=O)C1=C(C(=O)OC2CC(C)CCC2C(C)C)[P-](#[O+])(c2ccccc2)C2OC(C)(C)OC2C1,1,O=C(OC1CCCCC1)C1=CCC2OCOC2[PH-]1c1ccccc1,0.0000000,0.0000,0.0000000,0.0000,0.0000000,0.0000,0.0000000,0.0000,1.0000000,1.0000,0.0000000,0.0000,0.0000000,0.0000,0.0000000,0.0000,1
45.1576,45.1576,-45.1576,0.0000000,CC(=O)OC1CC(=C2CCC3=CC(=O)C=CC3(C)C2)C2CCC(C(=O)OC(C)(C)C)C2C1,1,O=C1C=CC2CC(=C3CCCC4CCCC34)CCC2=C1,0.0000000,0.0000,0.0000000,0.0000,0.0000000,0.0000,0.0000000,0.0000,1.0000000,1.0000,0.0000000,0.0000,0.0000000,0.0000,0.0000000,0.0000,1
22.4358,22.4358,-22.4042,0.0004928,CN(C)[P-]1(=O)=[O+]C(c2ccccc2)CO1,1,O=[PH-]1=[O+]C(c2ccccc2)CO1,0.0000004,-26.4465,0.0189987,0.7176,0.0012231,227.2000,0.6659136,4.8260,1.0000000,1.0000,1.0000000,1.0000,1.0000000,1.0000,1.0000000,1.0000,1
21.9074,21.9074,-21.9074,0.0000000,CC(C)N(C(C)C)[SiH](C(C)C)C(C)C,1,,0.0000000,0.0000,0.0000000,0.0000,0.0000000,0.0000,0.0000000,0.0000,1.0000000,1.0000,0.0000000,0.0000,0.0000000,0.0000,0.0000000,0.0000,1
29.4133,29.4133,-29.4133,0.0000000,CN(C)CC[SiH](Cc1ccccc1)[Si](c1ccccc1)(c1ccccc1)[Si](C)(C)C,1,c1ccc(C[SiH2][SiH](c2ccccc2)c2ccccc2)cc1,0.0000000,0.0000,0.0000000,0.0000,0.0000000,0.0000,0.0000000,0.0000,1.0000000,1.0000,0.0000000,0.0000,0.0000000,0.0000,0.0000000,0.0000,1
20.4658,20.4658,-20.3052,0.0025093,CC1CC(C)O[P-](#[S+])(Nc2cccc(Cl)c2)O1,1,c1ccc(N[PH-]2OCCCO2)cc1,0.0000021,-23.7618,0.0139758,0.3787,0.3184780,291.7400,0.6749288,4.7861,1.0000000,1.0000,1.0000000,1.0000,1.0000000,1.0000,1.0000000,1.0000,1
31.1795,31.1795,-27.3925,0.0591727,C1=Cc2ccccc2C(n2cccn2)C=C1c1ccc[nH]1,1,C1=Cc2ccccc2C(n2cccn2)C=C1c1ccc[nH]1,0.0083964,-10.2709,0.0258647,1.0602,0.0790322,273.3390,0.8768315,3.5821,1.0000000,1.0000,1.0000000,1.0000,1.0000000,1.0000,1.0000000,1.0000,1
22.4256,22.4256,-22.4256,0.0000000,CC(C)(C)[S+]([O-])NC(=O)c1cccc(Cl)c1,1,c1ccccc1,0.0000000,0.0000,0.0000000,0.0000,0.0000000,0.0000,0.0000000,0.0000,1.0000000,1.0000,0.0000000,0.0000,0.0000000,0.0000,0.0000000,0.0000,1
24.8125,24.8125,-24.3021,0.0079749,NN=Cc1nnc(-c2ccccn2)[nH]1,1,c1ccc(-c2nnc[nH]2)nc1,0.0019617,-12.6494,0.0198662,0.7671,0.0000337,188.1940,0.9106994,3.2308,1.0000000,1.0000,1.0000000,1.0000,1.0000000,1.0000,1.0000000,1.0000,1
28.3201,28.3201,-27.8853,0.0067934,Cc1[n-]c(C(O)(c2ccccc2)c2ccccc2)[s+]c1Cl,1,c1ccc(C(c2ccccc2)c2[n-]cc[s+]2)cc1,0.0000132,-20.7972,0.0165415,0.5645,0.8111557,315.8250,0.9037030,3.3121,1.0000000,1.0000,1.0000000,1.0000,1.0000000,1.0000,1.0000000,1.0000,1
31.1281,31.1281,-31.1281,0.0000000,CC(C1=CC(=O)CCC1)C1OC(=O)CCC1OCc1ccccc1,1,O=C1C=C(CC2OC(=O)CCC2OCc2ccccc2)CCC1,0.0000000,0.0000,0.0000000,0.0000,0.0000000,0.0000,0.0000000,0.0000,1.0000000,1.0000,0.0000000,0.0000,0.0000000,0.0000,0.0000000,0.0000,1
23.6007,23.6007,-23.6007,0.0000000,N#Cc1sc2ccccc2c1C#Cc1ccccc1,1,C(#Cc1csc2ccccc12)c1ccccc1,0.0000000,0.0000,0.0000000,0.0000,0.0000000,0.0000,0.0000000,0.0000,1.0000000,1.0000,0.0000000,0.0000,0.0000000,0.0000,0.0000000,0.0000,1
32.7717,32.7717,-26.5655,0.0969719,COC(=O)C1(C)CC(=Cc2ccccc2)C(=Cc2ccccc2)CO1,1,C(=C1CCOCC1=Cc1ccccc1)c1ccccc1,0.0089166,-10.1722,0.0263260,1.0799,0.9596795,334.4150,0.9188471,3.1286,1.0000000,1.0000,1.0000000,1.0000,1.0000000,1.0000,1.0000000,1.0000,1
32.5146,32.5146,-30.5304,0.0310035,CO[PH](=O)Oc1ccccc1-c1ccccc1[N+](=O)[O-],1,c1ccc(-c2ccccc2)cc1,0.0010350,-13.6924,0.0109557,0.1111,0.3486629,293.2150,0.9140180,3.1903,1.0000000,1.0000,1.0000000,1.0000,1.0000000,1.0000,1.0000000,1.0000,1
22.8429,22.8429,-22.7849,0.0009066,O=C(c1ccccc1)N1CCC2CCC(O)C21,1,O=C(c1ccccc1)N1CCC2CCCC21,0.0000013,-24.5734,0.0171760,0.6061,0.0017825,231.2950,0.9268337,3.0189,1.0000000,1.0000,1.0000000,1.0000,1.0000000,1.0000,1.0000000,1.0000,1
27.3425,27.3425,-23.8520,0.0545388,C[O+]=C1C=CC=CC1=CN=[O+]c1c(N([O-])[O-])cc([N+](=O)[O-])cc1[N+](=O)[O-],1,[O+]=C1C=CC=CC1=CN=[O+]c1ccccc1,0.0032381,-11.8311,0.0118536,0.1976,0.9967757,362.2540,0.6903101,4.7167,1.0000000,1.0000,1.0000000,1.0000,1.0000000,1.0000,1.0000000,1.0000,1
16.9725,16.9725,-16.7276,0.0038256,O=S(=O)(Nc1cccc(Br)c1)c1ccccc1,1,O=S(=O)(Nc1ccccc1)c1ccccc1,0.0000033,-23.0348,0.0113914,0.1539,0.7544624,312.1880,0.9827105,1.5521,1.0000000,1.0000,1.0000000,1.0000,1.0000000,1.0000,1.0000000,1.0000,1
45.9356,45.9356,-45.9356,0.0000000,CC1=CC2(c3ccccc3)CCC3OCOC(C2)C3N1C(=O)OC(C)(C)C,1,C1=CC2(c3ccccc3)CCC3OCOC(C2)C3N1,0.0000000,0.0000,0.0000000,0.0000,0.0000000,0.0000,0.0000000,0.0000,1.0000000,1.0000,0.0000000,0.0000,0.0000000,0.0000,0.0000000,0.0000,1
16.2398,16.2398,-14.9835,0.0196292,O=c1ccc(O)ccc1O,1,O=c1cccccc1,0.1522382,-5.2966,0.0206621,0.8106,0.0000003,138.1220,0.9734165,1.9817,1.0000000,1.0000,1.0000000,1.0000,1.0000000,1.0000,1.0000000,1.0000,1
25.2957,25.2957,-24.8821,0.0064621,O=C1c2ccccc2OC2(O)CSc3ccccc3N12,1,O=C1c2ccccc2OC2CSc3ccccc3N12,0.0000242,-19.8106,0.0116179,0.1755,0.2055911,285.3240,0.9149408,3.1787,1.0000000,1.0000,1.0000000,1.0000,1.0000000,1.0000,1.0000000,1.0000,1
23.2963,23.2963,-23.2963,0.0000000,Oc1ccc(OCCCCOc2ccc(-c3ccc(O)cc3)cc2)cc1,1,c1ccc(OCCCCOc2ccc(-c3ccccc3)cc2)cc1,0.0000000,0.0000,0.0000000,0.0000,0.0000000,0.0000,0.0000000,0.0000,1.0000000,1.0000,0.0000000,0.0000,0.0000000,0.0000,0.0000000,0.0000,1
32.6207,32.6207,-23.9952,0.1347729,[O-]N([O-])[n+]1c[n+]2n([O-])cccc-2c1Br,1,c1c[nH][n+]2c[nH+]cc-2c1,0.1848187,-4.9169,0.0183968,0.6820,0.0245629,260.0270,0.5506221,5.3015,1.0000000,1.0000,1.0000000,1.0000,1.0000000,1.0000,1.0000000,1.0000,1
23.5080,23.5080,-23.5080,0.0000000,Clc1ccc2oc(=NS(=O)(=O)c3ccc(C)cc3)c(C)oc2c1,0,,0.0000000,0.0000,0.0000000,0.0000,0.0000000,0.0000,0.0000000,0.0000,0.0000000,0.0000,0.0000000,0.0000,0.0000000,0.0000,0.0000000,0.0000,1
42.0453,42.0453,-42.0453,0.0000000,CC(C)ON1C(=O)CC2=C(Cl)C3(Cl)C(Cl)C21C(Cl)=C(Cl)C3(Cl)Cl,1,O=C1CC2=CC3CC=CC2(C3)N1,0.0000000,0.0000,0.0000000,0.0000,0.0000000,0.0000,0.0000000,0.0000,1.0000000,1.0000,0.0000000,0.0000,0.0000000,0.0000,0.0000000,0.0000,1
30.7512,30.7512,-30.7512,0.0000000,CC(NC1CNC(=O)C(=Cc2ccccc2)O1)c1ccccc1,1,O=C1NCC(NCc2ccccc2)OC1=Cc1ccccc1,0.0000000,0.0000,0.0000000,0.0000,0.0000000,0.0000,0.0000000,0.0000,1.0000000,1.0000,0.0000000,0.0000,0.0000000,0.0000,0.0000000,0.0000,1
16.2939,16.2939,16.2391,0.5083275,c1ccc(-c2c3ccccc3c(-c3ccccc3)c3ccccc23)cc1,1,c1ccc(-c2c3ccccc3c(-c3ccccc3)c3ccccc23)cc1,0.4874929,-2.5815,0.0438075,1.6525,0.9428219,330.4300,0.9877295,1.2120,1.0000000,1.0000,1.0000000,1.0000,1.0000000,1.0000,1.0000000,1.0000,1
22.2122,22.2122,-16.8214,0.0842305,O=[N+]([O-])c1ccc(C=NN=c2[nH]c3ccccc3[nH]2)cc1,1,C(=NN=c1[nH]c2ccccc2[nH]1)c1ccccc1,0.0167837,-9.1291,0.0156256,0.5017,0.1512749,281.2750,0.9468865,2.6850,1.0000000,1.0000,1.0000000,1.0000,1.0000000,1.0000,1.0000000,1.0000,1
47.3905,47.3905,-46.4936,0.0140140,COC1=C2CC(C)=CC3C=C(C)C2C(O)C3C(C)(OC)C=C1,1,C1=CCC2CC3C=CC2C=CCC3=C1,0.0001778,-16.5629,0.0281591,1.1551,0.5553566,302.4140,0.3406457,6.1453,1.0000000,1.0000,1.0000000,1.0000,1.0000000,1.0000,1.0000000,1.0000,1
24.9070,24.9070,-24.9070,0.0000000,O=C(c1ccc(C#CCO)cc1)N(CCO)CCO,1,c1ccccc1,0.0000000,0.0000,0.0000000,0.0000,0.0000000,0.0000,0.0000000,0.0000,1.0000000,1.0000,0.0000000,0.0000,0.0000000,0.0000,0.0000000,0.0000,1
15.6934,15.6934,-15.5225,0.0026711,C[Si]1(C)Oc2ccccc2O[Si](C)(C)Oc2ccccc2O1,1,c1ccc2c(c1)O[SiH2]Oc1ccccc1O[SiH2]O2,0.0000014,-24.4642,0.0104695,0.0612,0.9522900,332.5040,0.8455418,3.8388,1.0000000,1.0000,1.0000000,1.0000,1.0000000,1.0000,1.0000000,1.0000,1
35.1139,35.1139,-35.1139,0.0000000,Cc1cc(C)c(B(Cl)C(Cl)=C(F)C23CCCCC2C3)c(C)c1,1,B(C=CC12CCCCC1C2)c1ccccc1,0.0000000,0.0000,0.0000000,0.0000,0.0000000,0.0000,0.0000000,0.0000,1.0000000,1.0000,0.0000000,0.0000,0.0000000,0.0000,0.0000000,0.0000,1
56.6767,56.6767,-56.6767,0.0000000,C=C(C(=O)OC1CCC=CC1C(=O)Nc1cccc([N+](=O)[O-])c1)c1ccc(OCC(C)=O)cc1,1,C=C(C(=O)OC1CCC=CC1C(=O)Nc1ccccc1)c1ccccc1,0.0000000,0.0000,0.0000000,0.0000,0.0000000,0.0000,0.0000000,0.0000,1.0000000,1.0000,0.0000000,0.0000,0.0000000,0.0000,0.0000000,0.0000,1
21.0722,21.0722,-21.0722,0.0000000,CCCCN=Cc1ccc2ccccc2c1,1,c1ccc2ccccc2c1,0.0000000,0.0000,0.0000000,0.0000,0.0000000,0.0000,0.0000000,0.0000,1.0000000,1.0000,0.0000000,0.0000,0.0000000,0.0000,0.0000000,0.0000,1
52.8801,52.8801,-52.2224,0.0102768,CC1(C)C=CCC2(C1)C1=CC3C(=O)C4(C)C(O)CC(C)(C)CC4CC3CC1(C)CC2O,1,O=C1C2C=C3C(CCC34CC=CCC4)CC2CC2CCCCC12,0.0000702,-18.0770,0.0168555,0.5853,0.9999914,426.6410,0.3536038,6.0895,1.0000000,1.0000,1.0000000,1.0000,1.0000000,1.0000,1.0000000,1.0000,1
43.0927,43.0927,-43.0927,0.0000000,Cc1cc(C)c2c(c1)C1(C(C)(C)C)C3=NN1N2C(N)=C3C#N,1,C1=CN2c3ccccc3C3C1=NN32,0.0000000,0.0000,0.0000000,0.0000,0.0000000,0.0000,0.0000000,0.0000,1.0000000,1.0000,0.0000000,0.0000,0.0000000,0.0000,0.0000000,0.0000,1
39.6583,39.6583,-39.6583,0.0000000,COC(=O)C(N(C(=O)C(F)(F)F)[SH](=O)(CC[Si](C)(C)C)c1ccccc1)=P(c1ccccc1)(c1ccccc1)c1ccccc1,1,O=S(NC=P(c1ccccc1)(c1ccccc1)c1ccccc1)c1ccccc1,0.0000000,0.0000,0.0000000,0.0000,0.0000000,0.0000,0.0000000,0.0000,1.0000000,1.0000,0.0000000,0.0000,0.0000000,0.0000,0.0000000,0.0000,1
32.6187,32.6187,-32.6187,0.0000000,Cc1ccc(S(=O)(=O)NC(C#Cc2cc3ccccc3n2C)c2ccco2)cc1,1,O=S(=O)(NC(C#Cc1cc2ccccc2[nH]1)c1ccco1)c1ccccc1,0.0000000,0.0000,0.0000000,0.0000,0.0000000,0.0000,0.0000000,0.0000,1.0000000,1.0000,0.0000000,0.0000,0.0000000,0.0000,0.0000000,0.0000,1
38.9569,38.9569,-38.9569,0.0000000,CC(C)(C)C1=CC(c2ccc(C(C)(C)C)cc2)c2c(oc3c2ccc2sccc23)C1=O,1,O=C1C=CC(c2ccccc2)c2c1oc1c2ccc2sccc21,0.0000000,0.0000,0.0000000,0.0000,0.0000000,0.0000,0.0000000,0.0000,1.0000000,1.0000,0.0000000,0.0000,0.0000000,0.0000,0.0000000,0.0000,1
39.3971,39.3971,-22.0151,0.2715931,COc1ccc(-c2ccc(O)cc2C(=O)NN=C2C(=O)Oc3ccc4ccc(OC)cc4c32)cc1,1,O=C1Oc2ccc3ccccc3c2C1=NNC(=O)c1ccccc1-c1ccccc1,0.1297561,-5.5994,0.0185279,0.6899,0.9999998,468.4650,0.9500256,2.6223,1.0000000,1.0000,1.0000000,1.0000,1.0000000,1.0000,1.0000000,1.0000,1
29.0794,29.0794,-28.5809,0.0077881,Cc1ccc(S(=O)(=O)N2CN(Cc3ccccc3)CC2CNc2ccc(Cl)cc2)cc1,1,O=S(=O)(c1ccccc1)N1CN(Cc2ccccc2)CC1CNc1ccccc1,0.0000188,-20.2207,0.0106008,0.0749,0.9999994,456.0110,0.9436123,2.7469,1.0000000,1.0000,1.0000000,1.0000,1.0000000,1.0000,1.0000000,1.0000,1
37.3529,37.3529,-37.3529,0.0000000,CC(c1ncc2ccccn12)C(Sc1ccccc1)C([O-])=[S+]c1ccccc1,1,C(=[S+]c1ccccc1)C(Cc1ncc2ccccn12)Sc1ccccc1,0.0000000,0.0000,0.0000000,0.0000,0.0000000,0.0000,0.0000000,0.0000,1.0000000,1.0000,0.0000000,0.0000,0.0000000,0.0000,0.0000000,0.0000,1
27.2252,27.2252,-27.2252,0.0000000,O=S(=O)(C=Cc1cc(Cl)c(Cl)nc1Cl)c1ccccc1,1,O=S(=O)(C=Cc1cccnc1)c1ccccc1,0.0000000,0.0000,0.0000000,0.0000,0.0000000,0.0000,0.0000000,0.0000,1.0000000,1.0000,0.0000000,0.0000,0.0000000,0.0000,0.0000000,0.0000,1
36.8280,36.8280,-36.6618,0.0025969,Cc1ccc(S(=O)(=O)N2CCCCC3C2C2C=CC4(c5ccccc5)C2C34)cc1,1,O=S(=O)(c1ccccc1)N1CCCCC2C1C1C=CC3(c4ccccc4)C1C23,0.0000013,-24.5634,0.0108256,0.0979,0.9999401,405.5630,0.7990960,4.1509,1.0000000,1.0000,1.0000000,1.0000,1.0000000,1.0000,1.0000000,1.0000,1
41.4564,41.4564,-41.4564,0.0000000,c1(OCC)c2cc3c(OCCC)c(ccc(CCC)c3)cc2ccc2c(OCCC)c(cc(C(=O)OCC)c2)c1,0,,0.0000000,0.0000,0.0000000,0.0000,0.0000000,0.0000,0.0000000,0.0000,0.0000000,0.0000,0.0000000,0.0000,0.0000000,0.0000,0.0000000,0.0000,1
30.6305,30.6305,-30.6305,0.0000000,CC(O)C12CCCC1N(Cc1ccccc1)CC=C2c1ccccc1,1,C1=C(c2ccccc2)C2CCCC2N(Cc2ccccc2)C1,0.0000000,0.0000,0.0000000,0.0000,0.0000000,0.0000,0.0000000,0.0000,1.0000000,1.0000,0.0000000,0.0000,0.0000000,0.0000,0.0000000,0.0000,1
22.6631,22.6631,-22.6631,0.0000000,CC(c1ccc[n-]1)N1CC[S+]=C1[N+]#C[N-2],1,C1=[S+]CCN1Cc1ccc[n-]1,0.0000000,0.0000,0.0000000,0.0000,0.0000000,0.0000,0.0000000,0.0000,1.0000000,1.0000,0.0000000,0.0000,0.0000000,0.0000,0.0000000,0.0000,1
36.2145,36.2145,-33.9896,0.0347649,c1ccc(CN2CC3CN4C(CC32)C4c2ccc3ccccc3c2)cc1,1,c1ccc(CN2CC3CN4C(CC32)C4c2ccc3ccccc3c2)cc1,0.0007201,-14.2836,0.0221393,0.8872,0.9765103,340.4700,0.8695207,3.6466,1.0000000,1.0000,1.0000000,1.0000,1.0000000,1.0000,1.0000000,1.0000,1
33.9079,33.9079,-33.9079,0.0000000,COc1ccccc1C1=NOC1(CC(=O)c1ccccc1)C(=O)O,1,O=C(CC1ON=C1c1ccccc1)c1ccccc1,0.0000000,0.0000,0.0000000,0.0000,0.0000000,0.0000,0.0000000,0.0000,1.0000000,1.0000,0.0000000,0.0000,0.0000000,0.0000,0.0000000,0.0000,1
22.7377,22.8571,-18.1785,0.0731023,ClB1OC(c2ccccc2)=C(c2ccccc2)c2ccccc21,1,B1OC(c2ccccc2)=C(c2ccccc2)c2ccccc21,0.0046171,-11.2511,0.0253549,1.0380,0.8217939,316.5960,0.9479923,2.6633,1.0000000,1.0000,1.0000000,1.0000,1.0000000,1.0000,1.0000000,1.0000,2
66.0576,66.1098,-66.1098,0.0000000,CC(=O)CN1CC(C(C(=O)OC(C)(C)C)C(=O)N2CC3C(C)CCCCC3OC2=O)SSC1C(C)(C)C,1,O=C(CC1CNCSS1)N1CC2CCCCCC2OC1=O,0.0000000,0.0000,0.0000000,0.0000,0.0000000,0.0000,0.0000000,0.0000,1.0000000,1.0000,0.0000000,0.0000,0.0000000,0.0000,0.0000000,0.0000,2
24.6514,24.7847,-23.1420,0.0256661,O=S1(=O)N=C(c2ccccc2)c2ccccc2CCN1c1ccccc1,1,O=S1(=O)N=C(c2ccccc2)c2ccccc2CCN1c1ccccc1,0.0003461,-15.4772,0.0148515,0.4457,0.9968343,362.4540,0.9593599,2.4107,1.0000000,1.0000,1.0000000,1.0000,1.0000000,1.0000,1.0000000,1.0000,2
31.1519,31.0049,-31.0049,0.0000000,CCOC(=O)C1=C(N)C(C(=O)OCC)CSC1C,1,C1=CCSCC1,0.0000000,0.0000,0.0000000,0.0000,0.0000000,0.0000,0.0000000,0.0000,1.0000000,1.0000,0.0000000,0.0000,0.0000000,0.0000,0.0000000,0.0000,2
29.2965,29.3146,-26.5226,0.0436254,NC1=Nc2ccc(Cl)cc2C(c2cccnc2)=NN1,1,C1=Nc2ccccc2C(c2cccnc2)=NN1,0.0042076,-11.4030,0.0203591,0.7942,0.0687844,271.7110,0.9416619,2.7821,1.0000000,1.0000,1.0000000,1.0000,1.0000000,1.0000,1.0000000,1.0000,2
19.9698,20.0298,-19.3784,0.0101774,O=[N+]([O-])c1cc(N2CCOCC2)ccn1,1,c1cc(N2CCOCC2)ccn1,0.0016337,-12.9479,0.0129591,0.2956,0.0002334,209.2050,0.9598032,2.3995,1.0000000,1.0000,1.0000000,1.0000,1.0000000,1.0000,1.0000000,1.0000,2
32.3173,32.2846,-32.0297,0.0039823,O=C1Nc2ccccc2C(c2cccc(F)c2)C1(O)Cc1ccc(Br)cc1,1,O=C1Nc2ccccc2C(c2ccccc2)C1Cc1ccccc1,0.0000034,-23.0177,0.0121239,0.2224,0.9999911,426.2850,0.9116184,3.2197,1.0000000,1.0000,1.0000000,1.0000,1.0000000,1.0000,1.0000000,1.0000,2
34.6296,34.8389,-32.3366,0.0390977,c1c[nH]c(-c2n[nH]cc2-c2[nH]c(-c3ncc[nH]3)cc2-c2cc[nH]c2)c1,1,c1c[nH]c(-c2n[nH]cc2-c2[nH]c(-c3ncc[nH]3)cc2-c2cc[nH]c2)c1,0.0010677,-13.6416,0.0177728,0.6439,0.9373093,329.3670,0.8592097,3.7326,1.0000000,1.0000,1.0000000,1.0000,1.0000000,1.0000,1.0000000,1.0000,2
38.6335,38.7227,-22.6576,0.2510184,COc1c(Br)cc2c(c(=O)c1Br)=[S+]C(=C([O-])N(C)C)C=2C#N,1,C=C1C=c2ccccc(=O)c2=[S+]1,0.1263253,-5.6495,0.0170198,0.5960,0.9999986,446.1200,0.7847110,4.2362,1.0000000,1.0000,1.0000000,1.0000,1.0000000,1.0000,1.0000000,1.0000,2
21.3770,21.3207,-21.3207,0.0000000,CCN(CC)C(=S)NC(=O)c1cccc(C)n1,1,c1ccncc1,0.0000000,0.0000,0.0000000,0.0000,0.0000000,0.0000,0.0000000,0.0000,1.0000000,1.0000,0.0000000,0.0000,0.0000000,0.0000,0.0000000,0.0000,2
17.3506,17.3918,-17.3776,0.0002219,Nc1nc(N)c(F)c(N)c1F,1,c1ccncc1,0.0000008,-25.4298,0.0159965,0.5276,0.0000025,160.1270,0.9266081,3.0222,1.0000000,1.0000,1.0000000,1.0000,1.0000000,1.0000,1.0000000,1.0000,2
28.1670,28.1575,-28.1575,0.0000000,CCOC(=O)C1=C(C)OC(c2ccc3cc(OC)ccc3c2)C1c1ccccc1,1,C1=CC(c2ccccc2)C(c2ccc3ccccc3c2)O1,0.0000000,0.0000,0.0000000,0.0000,0.0000000,0.0000,0.0000000,0.0000,1.0000000,1.0000,0.0000000,0.0000,0.0000000,0.0000,0.0000000,0.0000,2
43.5840,43.5448,-41.9686,0.0246292,CC1CCCC2(CC(=O)N3Cc4c(OCc5ccccc5)cccc4C32C(=O)c2ccccc2)C1,1,O=C1CC2(CCCCC2)C2(C(=O)c3ccccc3)c3cccc(OCc4ccccc4)c3CN12,0.0003764,-15.3405,0.0131974,0.3156,0.9999998,465.5930,0.7855474,4.2314,1.0000000,1.0000,1.0000000,1.0000,1.0000000,1.0000,1.0000000,1.0000,2
30.0549,30.0238,-24.6615,0.0837861,COC(=O)C1C2c3ccccc3C=CN2C(c2ccc(OC)cc2)C1[N+](=O)[O-],1,C1=CN2C(c3ccccc3)CCC2c2ccccc21,0.0072797,-10.5052,0.0177006,0.6394,0.9993922,380.4000,0.8446560,3.8454,1.0000000,1.0000,1.0000000,1.0000,1.0000000,1.0000,1.0000000,1.0000,2
30.3702,30.5406,-22.4883,0.1258185,Cc1cccc(C)c1N=C1C2=Nc3ccccc3C2([N+](=O)[O-])C(=O)c2ccccc21,1,O=C1c2ccccc2C(=Nc2ccccc2)C2=Nc3ccccc3C12,0.0208574,-8.7684,0.0144935,0.4188,0.9998475,395.4180,0.8906115,3.4509,1.0000000,1.0000,1.0000000,1.0000,1.0000000,1.0000,1.0000000,1.0000,2
42.1442,42.2509,-42.2509,0.0000000,CC(C)(C)c1ccccc1C(=O)C1=C(c2ccccc2)OC2=CC=CC=C3CCCCC1=C32,1,O=C(C1=C(c2ccccc2)OC2=CC=CC=C3CCCCC1=C32)c1ccccc1,0.0000000,0.0000,0.0000000,0.0000,0.0000000,0.0000,0.0000000,0.0000,1.0000000,1.0000,0.0000000,0.0000,0.0000000,0.0000,0.0000000,0.0000,2
21.1795,21.1981,-21.1981,0.0000000,O=C(C(=O)C1SCCCS1)c1ccccc1,1,O=C(C(=O)C1SCCCS1)c1ccccc1,0.0000000,0.0000,0.0000000,0.0000,0.0000000,0.0000,0.0000000,0.0000,1.0000000,1.0000,0.0000000,0.0000,0.0000000,0.0000,0.0000000,0.0000,2
35.8776,35.8023,-35.8023,0.0000000,O=C(C#Cc1cccc(CC(F)(F)C(F)(F)C(F)F)c1)c1ccccc1,1,O=C(C#Cc1ccccc1)c1ccccc1,0.0000000,0.0000,0.0000000,0.0000,0.0000000,0.0000,0.0000000,0.0000,1.0000000,1.0000,0.0000000,0.0000,0.0000000,0.0000,0.0000000,0.0000,2
35.7119,35.7093,-34.9669,0.0115990,CC1([N+](=O)[O-])CC=CC(C[Si](C)(C)C)([Si](C)(C)C)C1=O,1,O=C1CC=CCC1,0.0000750,-17.9679,0.0110022,0.1157,0.7768896,313.5460,0.6668457,4.8219,1.0000000,1.0000,1.0000000,1.0000,1.0000000,1.0000,1.0000000,1.0000,2
23.9426,23.8988,-23.7703,0.0020085,O=C(Nc1ccccc1)N1CCCC1c1ccncc1,1,O=C(Nc1ccccc1)N1CCCC1c1ccncc1,0.0000024,-23.5927,0.0114903,0.1634,0.0470284,267.3320,0.9639202,2.2898,1.0000000,1.0000,1.0000000,1.0000,1.0000000,1.0000,1.0000000,1.0000,2
28.5342,28.4174,-24.2937,0.0644327,Fc1c2sc3sc4c(F)c(F)c(F)c(F)c4c3c(F)c-2c(F)c1F,1,c1cc2cc3c(sc-2c1)sc1ccccc13,0.0036938,-11.6159,0.0165550,0.5654,0.9995745,384.2720,0.8807964,3.5457,1.0000000,1.0000,1.0000000,1.0000,1.0000000,1.0000,1.0000000,1.0000,2
17.5772,17.6660,0.5596,0.2847761,O=C1C(Cl)=C(N(c2ccccc2)c2ccccc2)C(=O)c2ccccc21,1,O=C1C=C(N(c2ccccc2)c2ccccc2)C(=O)c2ccccc21,0.1391580,-5.4678,0.0209866,0.8279,0.9959657,359.8120,0.9673357,2.1891,1.0000000,1.0000,1.0000000,1.0000,1.0000000,1.0000,1.0000000,1.0000,2
39.1981,39.0439,-39.0439,0.0000000,COC(=O)c1c[s+]c([N-]C(=O)SC(C)C)n1-c1cccc(C)n1,1,c1ccc(-n2cc[s+]c2)nc1,0.0000000,0.0000,0.0000000,0.0000,0.0000000,0.0000,0.0000000,0.0000,1.0000000,1.0000,0.0000000,0.0000,0.0000000,0.0000,0.0000000,0.0000,2
34.7298,34.6711,-34.6711,0.0000000,CC(=O)OC1CCC(CC(=O)OC2CCCCC2)OO1,1,O=C(CC1CCCOO1)OC1CCCCC1,0.0000000,0.0000,0.0000000,0.0000,0.0000000,0.0000,0.0000000,0.0000,1.0000000,1.0000,0.0000000,0.0000,0.0000000,0.0000,0.0000000,0.0000,2
30.2150,30.3204,-30.3204,0.0000000,C#CCN1C(=O)C(=Cc2cccc3ccccc23)N=C(c2ccccc2)c2ccccc21,1,O=C1Nc2ccccc2C(c2ccccc2)=NC1=Cc1cccc2ccccc12,0.0000000,0.0000,0.0000000,0.0000,0.0000000,0.0000,0.0000000,0.0000,1.0000000,1.0000,0.0000000,0.0000,0.0000000,0.0000,0.0000000,0.0000,2
32.0414,32.0998,-31.6456,0.0070960,CN1C(=O)C2(C(=O)N(C)C3(C(=O)N(C)c4cccc(Cl)c43)C2c2ccccc2)c2ccccc21,1,O=C1Nc2ccccc2C12NC(=O)C1(C(=O)Nc3ccccc31)C2c1ccccc1,0.0000170,-20.3833,0.0130991,0.3074,0.9999999,471.9440,0.7260759,4.5475,1.0000000,1.0000,1.0000000,1.0000,1.0000000,1.0000,1.0000000,1.0000,2
20.4844,20.5351,-20.4873,0.0007475,N#CNc1cc(Cl)ccc1Cl,1,c1ccccc1,0.0000054,-22.2440,0.0137672,0.3622,0.0000303,187.0290,0.9624135,2.3313,1.0000000,1.0000,1.0000000,1.0000,1.0000000,1.0000,1.0000000,1.0000,2
20.8101,21.0827,-15.0018,0.0950152,O=C1c2ccccc2C(=O)c2cc(-n3c4ccccc4c(=O)c4ccccc43)ccc21,1,O=C1c2ccccc2C(=O)c2cc(-n3c4ccccc4c(=O)c4ccccc43)ccc21,0.0101064,-9.9662,0.0121743,0.2269,0.9999123,401.4210,0.9695879,2.1170,1.0000000,1.0000,1.0000000,1.0000,1.0000000,1.0000,1.0000000,1.0000,2
25.5792,25.7426,-16.2242,0.1487244,c1ccc2c(c1)-c1cc3cccc4c5ccccc5c1c-2c34,1,c1ccc2c(c1)-c1cc3cccc4c5ccccc5c1c-2c34,0.0880883,-6.3064,0.0148566,0.4461,0.1016203,276.3380,0.9279215,3.0032,1.0000000,1.0000,1.0000000,1.0000,1.0000000,1.0000,1.0000000,1.0000,2
44.0195,43.9655,-42.0941,0.0292393,Cc1cc2c(s1)C(C)(C)C1([S+]=C([O-])c3cc(C)sc31)c1sc(C)cc1O2,1,C1=[S+]C2(Cc3sccc3Oc3ccsc32)c2sccc21,0.0007464,-14.2252,0.0126535,0.2694,0.9999820,418.6300,0.5780319,5.1925,1.0000000,1.0000,1.0000000,1.0000,1.0000000,1.0000,1.0000000,1.0000,2
43.9391,43.9261,-42.0342,0.0295606,CC1C(Cl)=CC(=O)CCC2(CO)C(=O)CCC3(O)CCC1C32,1,O=C1C=CCC2CCC3CCC(=O)C(CC1)C23,0.0008059,-14.1001,0.0123384,0.2416,0.9220272,326.8200,0.5751907,5.2039,1.0000000,1.0000,1.0000000,1.0000,1.0000000,1.0000,1.0000000,1.0000,2
33.3454,33.4062,-33.4062,0.0000000,CC(=O)c1c2c(c(O)c3c1CCc1ccccc1-3)CCOC2,1,c1ccc2c(c1)CCc1cc3c(cc1-2)CCOC3,0.0000000,0.0000,0.0000000,0.0000,0.0000000,0.0000,0.0000000,0.0000,1.0000000,1.0000,0.0000000,0.0000,0.0000000,0.0000,0.0000000,0.0000,2
45.0997,45.0272,-43.6680,0.0212373,O=C1CCC2C(CCN2S2(=O)(c3ccccc3)CC(=O)c3ccccc3C2)N1,1,O=C1CCC2C(CCN2S2(=O)(c3ccccc3)CC(=O)c3ccccc3C2)N1,0.0002745,-15.8548,0.0130178,0.3006,0.9998621,396.5120,0.7302138,4.5270,1.0000000,1.0000,1.0000000,1.0000,1.0000000,1.0000,1.0000000,1.0000,2
16.3249,16.2988,-15.9476,0.0054870,Cc1ccc(-c2nc3ccccc3o2)cc1,1,c1ccc(-c2nc3ccccc3o2)cc1,0.0002830,-15.8052,0.0221733,0.8889,0.0002343,209.2480,0.9822196,1.5799,1.0000000,1.0000,1.0000000,1.0000,1.0000000,1.0000,1.0000000,1.0000,2
34.6017,34.5242,-34.5242,0.0000000,COc1cccc(C(C)N(C(=O)N(C)Cc2ccccc2)[S+](C)[O-])c1,1,O=C(NCc1ccccc1)NCc1ccccc1,0.0000000,0.0000,0.0000000,0.0000,0.0000000,0.0000,0.0000000,0.0000,1.0000000,1.0000,0.0000000,0.0000,0.0000000,0.0000,0.0000000,0.0000,2
42.3855,42.4488,-42.4488,0.0000000,CC(C)(C)[Si](C)(C)N(c1ccccc1)c1ccccc1-c1[n-]c2c([s+]1)[s+]c([O-])c1ccccc12,1,c1ccc(Nc2ccccc2-c2[n-]c3c([s+]cc4ccccc43)[s+]2)cc1,0.0000000,0.0000,0.0000000,0.0000,0.0000000,0.0000,0.0000000,0.0000,1.0000000,1.0000,0.0000000,0.0000,0.0000000,0.0000,0.0000000,0.0000,2
78.1716,78.1203,-78.1203,0.0000000,c1(OC)ccc2c(c1)[As-](#[PH-]1=[S+]c3c(cccc3)[S+]1C)N(c1ccccc1)C1(OC2c2c(F)cc(F)c(F)c2)C(C)=CC(=O)C=C1Cl,0,,0.0000000,0.0000,0.0000000,0.0000,0.0000000,0.0000,0.0000000,0.0000,0.0000000,0.0000,0.0000000,0.0000,0.0000000,0.0000,0.0000000,0.0000,2
16.8992,16.9356,-16.8308,0.0016376,O=S(=O)(Nc1ccc(F)cc1)c1ccccc1,1,O=S(=O)(Nc1ccccc1)c1ccccc1,0.0000027,-23.3664,0.0111720,0.1325,0.0111281,251.2820,0.9850084,1.4104,1.0000000,1.0000,1.0000000,1.0000,1.0000000,1.0000,1.0000000,1.0000,2
19.5218,19.4400,-18.7643,0.0105581,O=Cc1cc(Cl)nnc1Cl,1,c1ccnnc1,0.0071475,-10.5352,0.0134154,0.3337,0.0000120,176.9900,0.9303383,2.9673,1.0000000,1.0000,1.0000000,1.0000,1.0000000,1.0000,1.0000000,1.0000,2
31.8639,31.7888,-31.0892,0.0109318,O=C1CCC(C(=O)Nc2ccccc2)(C(O)c2ccccc2)C1Cc1ccccc1,1,O=C1CCC(Cc2ccccc2)(C(=O)Nc2ccccc2)C1Cc1ccccc1,0.0000431,-18.8700,0.0132617,0.3210,0.9998952,399.4900,0.8987399,3.3666,1.0000000,1.0000,1.0000000,1.0000,1.0000000,1.0000,1.0000000,1.0000,2
27.5353,27.6025,-27.4327,0.0026529,O=[P-]1(=[O+]c2ccccc2)CCOCCOc2ccccc2OCCOCCOCCOCCOc2ccccc2O1,1,O=[P-]1(=[O+]c2ccccc2)CCOCCOc2ccccc2OCCOCCOCCOCCOc2ccccc2O1,0.0000014,-24.4109,0.0105025,0.0647,1.0000000,588.5900,0.7683155,4.3286,1.0000000,1.0000,1.0000000,1.0000,1.0000000,1.0000,1.0000000,1.0000,2
35.6082,35.7108,-18.2995,0.2720518,c1ccc2c(c1)sc1c3cccc4c5c6cccc5c1c2c4c36,1,c1ccc2c(c1)sc1c3cccc4c5c6cccc5c1c2c4c36,0.1702131,-5.0799,0.0189063,0.7122,0.6430093,306.3890,0.8679326,3.6602,1.0000000,1.0000,1.0000000,1.0000,1.0000000,1.0000,1.0000000,1.0000,2
35.5242,35.5787,-18.5774,0.2656459,S=C(Nc1nccs1)Nc1c2ccccc2cc2ccc3ccccc3c12,1,S=C(Nc1nccs1)Nc1c2ccccc2cc2ccc3ccccc3c12,0.1229675,-5.6996,0.0179156,0.6527,0.9996206,385.5170,0.9600178,2.3941,1.0000000,1.0000,1.0000000,1.0000,1.0000000,1.0000,1.0000000,1.0000,2
23.7467,23.6170,-23.6170,0.0000000,COc1ccc(C=CC(=O)c2ccc(O)c(C(C)C)c2)cc1OC,1,O=C(C=Cc1ccccc1)c1ccccc1,0.0000000,0.0000,0.0000000,0.0000,0.0000000,0.0000,0.0000000,0.0000,1.0000000,1.0000,0.0000000,0.0000,0.0000000,0.0000,0.0000000,0.0000,2
26.9126,26.8850,-26.8850,0.0000000,CCOc1cccnc1-c1cc2ccccc2cn1,1,c1ccc(-c2cc3ccccc3cn2)nc1,0.0000000,0.0000,0.0000000,0.0000,0.0000000,0.0000,0.0000000,0.0000,1.0000000,1.0000,0.0000000,0.0000,0.0000000,0.0000,0.0000000,0.0000,2
20.0710,20.0490,-19.8212,0.0035582,Cc1ccc(S(=O)(=O)N2C(=O)C3(CC3)c3ccccc32)cc1,1,O=C1N(S(=O)(=O)c2ccccc2)c2ccccc2C12CC2,0.0000028,-23.2955,0.0110246,0.1179,0.7741961,313.3780,0.9504079,2.6144,1.0000000,1.0000,1.0000000,1.0000,1.0000000,1.0000,1.0000000,1.0000,2
50.1331,50.0660,-49.3299,0.0115020,CC1(C(OC(=O)c2ccc(Br)cc2)C2CC2)CCC2(C)C1CCC1(C)C2C(O)C2C(=O)CCCC21C,1,O=C(OC(C1CC1)C1CCC2C3CC4C(=O)CCCC4C3CCC21)c1ccccc1,0.0000641,-18.2251,0.0124370,0.2504,1.0000000,557.5690,0.6517523,4.8876,1.0000000,1.0000,1.0000000,1.0000,1.0000000,1.0000,1.0000000,1.0000,2
64.5497,64.4693,-64.4693,0.0000000,C1Oc2cc3c4[nH]c5c(c3c4c3cocc4c(=O)n(c3=O)c24)C(=O)N(CCCC)C1=O5,0,,0.0000000,0.0000,0.0000000,0.0000,0.0000000,0.0000,0.0000000,0.0000,0.0000000,0.0000,0.0000000,0.0000,0.0000000,0.0000,0.0000000,0.0000,2
21.4780,21.5127,-20.8653,0.0101150,CC1=CC(C)=NS(=O)(=O)c2ccccc21,1,O=S1(=O)N=CC=Cc2ccccc21,0.0008194,-14.0731,0.0229565,0.9275,0.0007095,221.2810,0.9417244,2.7810,1.0000000,1.0000,1.0000000,1.0000,1.0000000,1.0000,1.0000000,1.0000,2
16.4768,16.6277,-16.6277,0.0000000,c1[nH]c(C=O)ccc1=O,0,,0.0000000,0.0000,0.0000000,0.0000,0.0000000,0.0000,0.0000000,0.0000,0.0000000,0.0000,0.0000000,0.0000,0.0000000,0.0000,0.0000000,0.0000,2
24.4228,24.4452,-24.4452,0.0000000,Cc1ccc(S(=O)(=O)N(Cc2ccccc2)C(C)C(=Nc2ccccc2)c2ccccc2)cc1,1,O=S(=O)(c1ccccc1)N(CC(=Nc1ccccc1)c1ccccc1)Cc1ccccc1,0.0000000,0.0000,0.0000000,0.0000,0.0000000,0.0000,0.0000000,0.0000,1.0000000,1.0000,0.0000000,0.0000,0.0000000,0.0000,0.0000000,0.0000,2
27.6006,27.5648,-24.8314,0.0427091,COc1cc(C=O)nc(-c2cccc(-c3c(OC)cccc3OC)n2)c1,1,c1ccc(-c2cccc(-c3ccccn3)n2)cc1,0.0013944,-13.2063,0.0108409,0.0995,0.9904311,350.3740,0.9583014,2.4369,1.0000000,1.0000,1.0000000,1.0000,1.0000000,1.0000,1.0000000,1.0000,2
22.1092,22.1763,-22.1763,0.0000000,FC(=C(c1ccccc1)c1ccccc1)c1ccc2ccccc2c1,1,C(=C(c1ccccc1)c1ccccc1)c1ccc2ccccc2c1,0.0000000,0.0000,0.0000000,0.0000,0.0000000,0.0000,0.0000000,0.0000,1.0000000,1.0000,0.0000000,0.0000,0.0000000,0.0000,0.0000000,0.0000,2
39.0650,39.4166,-35.1843,0.0661303,Cc1cccc(CN2CCC(=c3c4ccccc4c4cccc5cccc3c54)CC2)c1-c1ccccc1,1,c1ccc(-c2ccccc2CN2CCC(=c3c4ccccc4c4cccc5cccc3c54)CC2)cc1,0.0034558,-11.7248,0.0208858,0.8225,0.9999999,477.6510,0.9533958,2.5506,1.0000000,1.0000,1.0000000,1.0000,1.0000000,1.0000,1.0000000,1.0000,2
33.3231,33.4368,-33.1283,0.0048204,COc1cc2c(c(C)c1OC)C1(c3ccccc3)OC(=O)C2(c2ccccc2)c2ccccc21,1,O=C1OC2(c3ccccc3)c3ccccc3C1(c1ccccc1)c1ccccc12,0.0000061,-22.0422,0.0116660,0.1800,0.9999989,448.5180,0.7980598,4.1572,1.0000000,1.0000,1.0000000,1.0000,1.0000000,1.0000,1.0000000,1.0000,2
23.2712,23.1949,-23.1949,0.0000000,Cc1ccc(C(=O)NCCCCCCNC(=O)c2ccccc2)cc1,1,O=C(NCCCCCCNC(=O)c1ccccc1)c1ccccc1,0.0000000,0.0000,0.0000000,0.0000,0.0000000,0.0000,0.0000000,0.0000,1.0000000,1.0000,0.0000000,0.0000,0.0000000,0.0000,0.0000000,0.0000,2
28.6500,28.6303,-28.6303,0.0000000,C#CC1CC(OC(C)=O)C(OC(C)=O)C(OC(C)=O)C(OC(C)=O)CO1,1,C1CCCOCCC1,0.0000000,0.0000,0.0000000,0.0000,0.0000000,0.0000,0.0000000,0.0000,1.0000000,1.0000,0.0000000,0.0000,0.0000000,0.0000,0.0000000,0.0000,2
32.8072,32.7576,-32.2362,0.0081470,COc1ccc2c(ccn2C2OC(C)(C)OC3C4OC(C)(C)OC4COC32)c1,1,c1ccc2c(c1)ccn2C1OCOC2C3OCOC3COC21,0.0000218,-19.9785,0.0141489,0.3923,0.9997358,389.4480,0.8040862,4.1202,1.0000000,1.0000,1.0000000,1.0000,1.0000000,1.0000,1.0000000,1.0000,2
18.4057,18.4036,-18.4036,0.0000000,CC(=O)c1cc2ccc(C)cc2oc1=O,1,O=c1ccc2ccccc2o1,0.0000000,0.0000,0.0000000,0.0000,0.0000000,0.0000,0.0000000,0.0000,1.0000000,1.0000,0.0000000,0.0000,0.0000000,0.0000,0.0000000,0.0000,2
31.5400,31.5766,-31.5766,0.0000000,CC(c1ccccc1)N1CC2CC3CC(Cc4cccc(N)c43)C(C2)C1,1,c1ccc(CN2CC3CC4CC(Cc5ccccc54)C(C3)C2)cc1,0.0000000,0.0000,0.0000000,0.0000,0.0000000,0.0000,0.0000000,0.0000,1.0000000,1.0000,0.0000000,0.0000,0.0000000,0.0000,0.0000000,0.0000,2
29.6481,29.6728,-29.6728,0.0000000,CC(=Cn1c(C)cc2ccccc21)Cn1c2ccccc2c2ccccc21,1,C(=Cn1ccc2ccccc21)Cn1c2ccccc2c2ccccc21,0.0000000,0.0000,0.0000000,0.0000,0.0000000,0.0000,0.0000000,0.0000,1.0000000,1.0000,0.0000000,0.0000,0.0000000,0.0000,0.0000000,0.0000,2
40.1455,40.2369,-39.6774,0.0087427,CC12CC3C4CCC3(CO)C(O)(C(=O)C4)C1COC2=O,1,O=C1OCC2C1CC1C3CCC1C2C(=O)C3,0.0000817,-17.8296,0.0471299,1.7357,0.1403249,280.3200,0.3665508,6.0345,1.0000000,1.0000,1.0000000,1.0000,1.0000000,1.0000,1.0000000,1.0000,2
46.6602,46.8663,-46.8663,0.0000000,[S-]C(NC12C(N)([NH+](C)[BH2-2]1[N-]C[S-])N(C)C2)(C)[O-],0,,0.0000000,0.0000,0.0000000,0.0000,0.0000000,0.0000,0.0000000,0.0000,0.0000000,0.0000,0.0000000,0.0000,0.0000000,0.0000,0.0000000,0.0000,2
39.0052,39.0753,-38.1297,0.0147747,N#Cc1ccc(N(CC2=C3OCc4ccccc4N3CCC2)Cc2ccccc2)cc1,1,c1ccc(CN(CC2=C3OCc4ccccc4N3CCC2)c2ccccc2)cc1,0.0000868,-17.7310,0.0144953,0.4189,0.9999500,407.5170,0.9441944,2.7361,1.0000000,1.0000,1.0000000,1.0000,1.0000000,1.0000,1.0000000,1.0000,2
40.5746,40.4881,-40.4881,0.0000000,C=C(C)C(O)CC(C)=C(c1ccc(Cl)cc1)c1cccc(C)c1,1,C=C(c1ccccc1)c1ccccc1,0.0000000,0.0000,0.0000000,0.0000,0.0000000,0.0000,0.0000000,0.0000,1.0000000,1.0000,0.0000000,0.0000,0.0000000,0.0000,0.0000000,0.0000,2
28.6092,28.7962,-26.5928,0.0344292,O=[N+]([O-])c1cccc(N2CCN(Cc3ccc([N+](=O)[O-])cc3[N+](=O)[O-])C2)c1,1,c1ccc(CN2CCN(c3ccccc3)C2)cc1,0.0007998,-14.1126,0.0110405,0.1195,0.9988346,373.3250,0.9574606,2.4573,1.0000000,1.0000,1.0000000,1.0000,1.0000000,1.0000,1.0000000,1.0000,2
32.2911,32.2332,-29.9533,0.0356231,Cc1ncc(COC(=O)Nc2cccc3ccccc23)s1,1,O=C(Nc1cccc2ccccc12)OCc1cncs1,0.0010756,-13.6296,0.0171162,0.6023,0.4624696,298.3670,0.9708973,2.0727,1.0000000,1.0000,1.0000000,1.0000,1.0000000,1.0000,1.0000000,1.0000,2
32.4445,32.4459,-24.0984,0.1304303,CC12SC3CCCCC3CN1c1ccccc1C2=Cc1ccccc1,1,C(=C1c2ccccc2N2CC3CCCCC3SC12)c1ccccc1,0.0204740,-8.7993,0.0236155,0.9589,0.9875978,347.5270,0.8514487,3.7939,1.0000000,1.0000,1.0000000,1.0000,1.0000000,1.0000,1.0000000,1.0000,2
36.9859,36.9129,-35.1629,0.0273430,COC(=O)C1(NC(=O)C2CCCCC2)CC(c2ccc([N+](=O)[O-])cc2)NC1c1ccccc1,1,O=C(NC1CC(c2ccccc2)NC1c1ccccc1)C1CCCCC1,0.0004761,-14.9578,0.0112075,0.1360,0.9999991,451.5230,0.8724688,3.6209,1.0000000,1.0000,1.0000000,1.0000,1.0000000,1.0000,1.0000000,1.0000,2
27.7886,27.7588,-27.7588,0.0000000,CC(C)[P-](#[O+])(c1ccc2ccccc2c1)c1ccc2ccccc2c1,1,c1ccc2cc([P-]c3ccc4ccccc4c3)ccc2c1,0.0000000,0.0000,0.0000000,0.0000,0.0000000,0.0000,0.0000000,0.0000,1.0000000,1.0000,0.0000000,0.0000,0.0000000,0.0000,0.0000000,0.0000,2
25.4540,25.4966,-25.4966,0.0000000,CC(C)(C)OC(=O)N1CCCC1C(=O)NCc1cccc2ccccc12,1,O=C(NCc1cccc2ccccc12)C1CCCN1,0.0000000,0.0000,0.0000000,0.0000,0.0000000,0.0000,0.0000000,0.0000,1.0000000,1.0000,0.0000000,0.0000,0.0000000,0.0000,0.0000000,0.0000,2
22.4661,22.5511,-19.6795,0.0448698,O=c1cc(-c2cc3ccccc3o2)c2ccccc2o1,1,O=c1cc(-c2cc3ccccc3o2)c2ccccc2o1,0.0063473,-10.7299,0.0216200,0.8609,0.0300141,262.2640,0.9721710,2.0277,1.0000000,1.0000,1.0000000,1.0000,1.0000000,1.0000,1.0000000,1.0000,2
